group,n,artifact,empirical,methodological,theoretical,dataset,survey,opinion,physical,computational,both,neither,high_confidence
ハード系譜,776,0.566,0.329,0.037,0.034,0.003,0.012,0.021,0.68,0.14,0.064,0.244,0.79
データ系譜,868,0.419,0.456,0.04,0.029,0.01,0.025,0.02,0.21,0.508,0.078,0.361,0.79
その他(基準),493,0.438,0.316,0.083,0.065,0.004,0.024,0.069,0.314,0.341,0.069,0.414,0.73
ハード系譜 2010–16,196,0.643,0.26,0.026,0.036,0.005,0.0,0.031,0.668,0.087,0.036,0.281,0.78
ハード系譜 2017–25,522,0.552,0.345,0.038,0.033,0.002,0.011,0.019,0.686,0.153,0.075,0.236,0.8
データ系譜 2010–16,288,0.462,0.424,0.056,0.021,0.014,0.01,0.014,0.174,0.458,0.045,0.413,0.81
データ系譜 2017–25,522,0.397,0.479,0.033,0.029,0.006,0.034,0.023,0.228,0.508,0.086,0.351,0.79
その他(基準) 2010–16,203,0.404,0.276,0.099,0.069,0.0,0.025,0.128,0.286,0.315,0.059,0.458,0.72
その他(基準) 2017–25,261,0.467,0.333,0.073,0.061,0.008,0.027,0.031,0.326,0.341,0.065,0.398,0.73
